!	0
"	1
#	2
$	3
%	4
&	5
'	6
(	7
)	8
*	9
+	10
,	11
-	12
.	13
/	14
0	15
1	16
2	17
3	18
4	19
5	20
6	21
7	22
8	23
9	24
:	25
;	26
<	27
=	28
>	29
?	30
@	31
A	32
B	33
C	34
D	35
E	36
F	37
G	38
H	39
I	40
J	41
K	42
L	43
M	44
N	45
O	46
P	47
Q	48
R	49
S	50
T	51
U	52
V	53
W	54
X	55
Y	56
Z	57
[	58
\	59
]	60
^	61
_	62
`	63
a	64
b	65
c	66
d	67
e	68
f	69
g	70
h	71
i	72
j	73
k	74
l	75
m	76
n	77
o	78
p	79
q	80
r	81
s	82
t	83
u	84
v	85
w	86
x	87
y	88
z	89
{	90
|	91
}	92
~	93
¡	94
¢	95
£	96
¤	97
¥	98
¦	99
§	100
¨	101
©	102
ª	103
«	104
¬	105
®	106
¯	107
°	108
±	109
²	110
³	111
´	112
µ	113
¶	114
·	115
¸	116
¹	117
º	118
»	119
¼	120
½	121
¾	122
¿	123
À	124
Á	125
Â	126
Ã	127
Ä	128
Å	129
Æ	130
Ç	131
È	132
É	133
Ê	134
Ë	135
Ì	136
Í	137
Î	138
Ï	139
Ð	140
Ñ	141
Ò	142
Ó	143
Ô	144
Õ	145
Ö	146
×	147
Ø	148
Ù	149
Ú	150
Û	151
Ü	152
Ý	153
Þ	154
ß	155
à	156
á	157
â	158
ã	159
ä	160
å	161
æ	162
ç	163
è	164
é	165
ê	166
ë	167
ì	168
í	169
î	170
ï	171
ð	172
ñ	173
ò	174
ó	175
ô	176
õ	177
ö	178
÷	179
ø	180
ù	181
ú	182
û	183
ü	184
ý	185
þ	186
ÿ	187
Ā	188
ā	189
Ă	190
ă	191
Ą	192
ą	193
Ć	194
ć	195
Ĉ	196
ĉ	197
Ċ	198
ċ	199
Č	200
č	201
Ď	202
ď	203
Đ	204
đ	205
Ē	206
ē	207
Ĕ	208
ĕ	209
Ė	210
ė	211
Ę	212
ę	213
Ě	214
ě	215
Ĝ	216
ĝ	217
Ğ	218
ğ	219
Ġ	220
ġ	221
Ģ	222
ģ	223
Ĥ	224
ĥ	225
Ħ	226
ħ	227
Ĩ	228
ĩ	229
Ī	230
ī	231
Ĭ	232
ĭ	233
Į	234
į	235
İ	236
ı	237
Ĳ	238
ĳ	239
Ĵ	240
ĵ	241
Ķ	242
ķ	243
ĸ	244
Ĺ	245
ĺ	246
Ļ	247
ļ	248
Ľ	249
ľ	250
Ŀ	251
ŀ	252
Ł	253
ł	254
Ń	255
e✂	256
s✂	257
th	258
n✂	259
er	260
t✂	261
d✂	262
ti	263
the✂	264
an	265
in	266
or	267
y✂	268
al	269
f✂	270
en	271
on	272
ar	273
of✂	274
on✂	275
re	276
1✂	277
o✂	278
a✂	279
is✂	280
ed✂	281
g✂	282
and✂	283
ro	284
es✂	285
2✂	286
tion✂	287
at	288
in✂	289
st	290
si	291
er✂	292
m✂	293
al✂	294
0✂	295
ec	296
or✂	297
el	298
to✂	299
ic	300
ac	301
ing✂	302
at✂	303
as	304
di	305
Th	306
ur	307
ol	308
om	309
it	310
h✂	311
ul	312
es	313
et	314
an✂	315
un	316
ati	317
3✂	318
con	319
ow	320
pl	321
th✂	322
wi	323
that✂	324
en✂	325
k✂	326
i✂	327
for✂	328
ex	329
ation✂	330
pro	331
qu	332
as✂	333
ve✂	334
ly✂	335
l✂	336
em	337
ons✂	338
tr	339
wh	340
su	341
res	342
p✂	343
am	344
−✂	345
ce✂	346
ent✂	347
4✂	348
ab	349
is	350
ent	351
im	352
The✂	353
po	354
us	355
with✂	356
we✂	357
le✂	358
de	359
x✂	360
A✂	361
5✂	362
by✂	363
per	364
tic	365
are✂	366
for	367
be✂	368
ap	369
ch	370
ev	371
et✂	372
uc	373
the	374
ri	375
co	376
mo	377
ter	378
ere✂	379
par	380
il	381
com	382
sp	383
ma	384
ig	385
ver	386
6✂	387
ou	388
sh	389
ar✂	390
S✂	391
str	392
no	393
ity✂	394
M✂	395
7✂	396
ts✂	397
lo	398
r✂	399
ate✂	400
ure✂	401
it✂	402
ha	403
le	404
8✂	405
ge✂	406
this✂	407
vi	408
ﬁn	409
rom✂	410
c✂	411
ic✂	412
N✂	413
j✂	414
ne	415
tin	416
equ	417
ad	418
um	419
9✂	420
ed	421
ta	422
T✂	423
ener	424
from✂	425
ence✂	426
C✂	427
whic	428
ob	429
low	430
20	431
G✂	432
ations✂	433
me	434
tions✂	435
can✂	436
to	437
ph	438
ci	439
all✂	440
which✂	441
R✂	442
B✂	443
se✂	444
D✂	445
ra	446
and	447
In✂	448
iv	449
cl	450
E✂	451
ect	452
P✂	453
ing	454
cal	455
ari	456
∈✂	457
mod	458
tu	459
tim	460
ated✂	461
el✂	462
sy	463
We✂	464
ds✂	465
form	466
z✂	467
pres	468
bo	469
se	470
have✂	471
der✂	472
b✂	473
be	474
em✂	475
X✂	476
V✂	477
duc	478
L✂	479
q✂	480
ow✂	481
bu	482
de✂	483
F✂	484
so✂	485
ase✂	486
our	487
not✂	488
unc	489
one✂	490
ensi	491
st✂	492
ch✂	493
ents✂	494
hy	495
−1✂	496
ag	497
ther✂	498
J✂	499
ting✂	500
we	501
cor	502
w✂	503
H✂	504
ally✂	505
·✂	506
where✂	507
19	508
ot	509
rel	510
lin	511
iz	512
ty✂	513
us✂	514
I✂	515
fol	516
inter	517
onal✂	518
able✂	519
u✂	520
dis	521
of	522
tic✂	523
enti	524
α✂	525
fac	526
tw	527
ers✂	528
ant✂	529
igh	530
val	531
func	532
rec	533
ely✂	534
sim	535
rou	536
li	537
gr	538
ary✂	539
pon	540
ir	541
200	542
op	543
ser	544
v✂	545
12✂	546
≤✂	547
K✂	548
ted✂	549
10	550
der	551
if✂	552
sion✂	553
wor	554
gener	555
This✂	556
two✂	557
etr	558
gy✂	559
resul	560
ding✂	561
ates✂	562
ue✂	563
ach✂	564
has✂	565
ge	566
um✂	567
posi	568
follow	569
ter✂	570
10✂	571
tran	572
thes	573
tive✂	574
num	575
ll✂	576
Phy	577
such✂	578
sec	579
ical✂	580
syst	581
ple✂	582
vari	583
ang	584
ies✂	585
pen	586
int	587
cur	588
ectr	589
sub	590
erm	591
pu	592
The	593
ni	594
set✂	595
ﬁel	596
spac	597
ess✂	598
struc	599
any✂	600
our✂	601
then✂	602
wa	603
det	604
→✂	605
ors✂	606
giv	607
ure	608
diﬀ	609
tain	610
consi	611
bet	612
sol	613
ties✂	614
ect✂	615
its✂	616
und✂	617
pol	618
theor	619
poin	620
deﬁn	621
ree✂	622
pre	623
For✂	624
ber✂	625
id	626
Pro	627
por	628
enc	629
show	630
11✂	631
ance✂	632
time✂	633
In	634
ble✂	635
also✂	636
te✂	637
Y✂	638
only✂	639
ite✂	640
mat	641
W✂	642
pos	643
Phys✂	644
out✂	645
sm	646
case✂	647
pr	648
prob	649
sum	650
perat	651
partic	652
ov	653
clu	654
µ✂	655
und	656
betwe	657
uld✂	658
serv	659
og	660
use✂	661
sam	662
will✂	663
dist	664
ore✂	665
cal✂	666
Let✂	667
ous✂	668
there✂	669
col	670
ere	671
ular✂	672
function✂	673
sig	674
depen	675
quan	676
cre	677
diﬀer	678
ome✂	679
between✂	680
ex✂	681
O✂	682
U✂	683
reg	684
energy✂	685
tiv	686
meas	687
est✂	688
abil	689
form✂	690
cri	691
ke✂	692
all	693
state✂	694
each✂	695
br	696
grou	697
Theor	698
∗✂	699
lar	700
λ✂	701
oc	702
model✂	703
compl	704
ﬁeld✂	705
ir✂	706
les✂	707
ﬁr	708
yn	709
number✂	710
ative✂	711
ess	712
order✂	713
other✂	714
ince✂	715
dat	716
ong✂	717
ass✂	718
dim	719
respon	720
these✂	721
tical✂	722
tri	723
mag	724
tho	725
Fi	726
ell✂	727
see✂	728
metr	729
was✂	730
with	731
ea	732
space✂	733
ear	734
13✂	735
ay	736
tion	737
≥✂	738
given✂	739
ass	740
Z✂	741
sur	742
ation	743
β✂	744
amet	745
appro	746
system✂	747
over✂	748
ection✂	749
ma✂	750
yp	751
It✂	752
dimensi	753
kn	754
pa	755
199	756
requ	757
dic	758
π✂	759
au	760
12	761
char	762
observ	763
xim	764
tum✂	765
ms✂	766
fer	767
ks✂	768
ould✂	769
than✂	770
atin	771
dec	772
some✂	773
using✂	774
Ma	775
non✂	776
ture✂	777
ever	778
valu	779
’s✂	780
ﬁrst✂	781
du	782
hol	783
ev✂	784
den	785
cul	786
ear✂	787
ement✂	788
ution✂	789
anal	790
ment✂	791
scal	792
plic	793
up	794
paramet	795
ard✂	796
id✂	797
σ✂	798
ν✂	799
gh✂	800
des	801
age✂	802
ce	803
work✂	804
eng	805
grap	806
Theorem✂	807
If✂	808
eﬀ	809
data✂	810
φ✂	811
but✂	812
Fig✂	813
ever✂	814
action✂	815
14✂	816
ust✂	817
ems✂	818
results✂	819
ech	820
od	821
bas	822
×✂	823
ating✂	824
used✂	825
ability✂	826
ain	827
fr	828
electr	829
atis	830
eg	831
ected✂	832
trans	833
fore✂	834
aliz	835
uni	836
more✂	837
bec	838
condi	839
point✂	840
ten	841
ist	842
following✂	843
can	844
ach	845
correspon	846
depend	847
gh	848
act✂	849
els✂	850
ud	851
assum	852
been✂	853
ran	854
tain✂	855
∞✂	856
sym	857
av	858
Q✂	859
als✂	860
position✂	861
present	862
ential✂	863
min	864
τ✂	865
ribu	866
lim	867
when✂	868
γ✂	869
typ	870
measure	871
00	872
sing	873
radi	874
ful	875
lat	876
into✂	877
same✂	878
perim	879
15✂	880
ast✂	881
tem	882
direc	883
distribu	884
Then✂	885
ori	886
θ✂	887
sequ	888
sc	889
ded✂	890
resp	891
ets✂	892
21✂	893
exp	894
ight✂	895
proc	896
quantum✂	897
assi	898
sible✂	899
emma✂	900
formation✂	901
magne	902
no✂	903
vel	904
Rev✂	905
ell	906
know	907
states✂	908
produc	909
ain✂	910
−1	911
ensity✂	912
vol	913
may✂	914
analy	915
value✂	916
values✂	917
ρ✂	918
bl	919
app	920
oo	921
descri	922
group✂	923
exam	924
sup	925
bin	926
Con	927
ality✂	928
sed✂	929
ﬁnite✂	930
owever✂	931
ves✂	932
do	933
ote✂	934
proper	935
cs✂	936
ay✂	937
20✂	938
ational✂	939
fe	940
well✂	941
tained✂	942
tly✂	943
experim	944
show✂	945
Al	946
equation✂	947
ulti	948
ax	949
ector✂	950
ond✂	951
most✂	952
man	953
both✂	954
orph	955
ove✂	956
const	957
ion✂	958
diﬀerent✂	959
surfac	960
zer	961
calcul	962
ω✂	963
22✂	964
ﬃci	965
king✂	966
ps✂	967
16✂	968
As✂	969
om✂	970
spec	971
ial✂	972
above✂	973
log✂	974
red✂	975
orm	976
des✂	977
line✂	978
ases✂	979
compu	980
operat	981
result✂	982
ros	983
phy	984
pot	985
metho	986
Ch	987
sti	988
ound✂	989
clo	990
ste	991
ft✂	992
their✂	993
impl	994
ects✂	995
alge	996
sel	997
ying✂	998
theory✂	999
large✂	1000
ature✂	1001
follows✂	1002
cont	1003
ermin	1004
Lemma✂	1005
shown✂	1006
erefore✂	1007
low✂	1008
per✂	1009
ics✂	1010
ther	1011
ently✂	1012
ynam	1013
tional✂	1014
δ✂	1015
∼✂	1016
versi	1017
gro	1018
ﬁc	1019
tur	1020
anc	1021
density✂	1022
Uni	1023
section✂	1024
ψ✂	1025
Fig	1026
mass✂	1027
ile✂	1028
determin	1029
sign	1030
spectr	1031
comp	1032
multi	1033
linear✂	1034
ength✂	1035
ian✂	1036
plan	1037
ong	1038
te	1039
bound	1040
ve	1041
magnetic✂	1042
chan	1043
deﬁned✂	1044
fact	1045
physi	1046
disc	1047
exist	1048
tation✂	1049
very✂	1050
ze✂	1051
iti	1052
ei	1053
incre	1054
led✂	1055
metric✂	1056
igh✂	1057
ency✂	1058
ectiv	1059
ack✂	1060
temperat	1061
up✂	1062
zero✂	1063
comm	1064
structure✂	1065
Since✂	1066
would✂	1067
omorph	1068
them	1069
ective✂	1070
17✂	1071
net	1072
gra	1073
phase✂	1074
Γ✂	1075
coun	1076
00✂	1077
ish	1078
oci	1079
ause✂	1080
bi	1081
were✂	1082
De	1083
lem✂	1084
satis	1085
out	1086
are	1087
Figure✂	1088
Universi	1089
provi	1090
ak	1091
ber	1092
An	1093
bel	1094
small✂	1095
let✂	1096
compon	1097
AN	1098
matri	1099
ord	1100
arg	1101
non	1102
ϕ✂	1103
constant✂	1104
three✂	1105
However✂	1106
obtained✂	1107
Proof✂	1108
entr	1109
classi	1110
simul	1111
Com	1112
high	1113
ise✂	1114
Let	1115
functions✂	1116
simil	1117
ail	1118
estim	1119
construc	1120
since✂	1121
ark✂	1122
ack	1123
sk	1124
ometr	1125
Re	1126
charac	1127
bri	1128
spin✂	1129
aper✂	1130
reduc	1131
represent	1132
consider✂	1133
pul	1134
Eq✂	1135
ad✂	1136
18✂	1137
transi	1138
points✂	1139
ﬂu	1140
cou	1141
obtain✂	1142
η✂	1143
possible✂	1144
By✂	1145
13	1146
they✂	1147
high✂	1148
Thus✂	1149
example✂	1150
∆✂	1151
general✂	1152
paper✂	1153
that	1154
consider	1155
ym	1156
rop	1157
stand	1158
ments✂	1159
matrix✂	1160
ving✂	1161
lev	1162
Wh	1163
terms✂	1164
son✂	1165
ved✂	1166
problem✂	1167
distribution✂	1168
ill	1169
egr	1170
ism✂	1171
discus	1172
present✂	1173
loc	1174
throu	1175
sing✂	1176
Ω✂	1177
sis✂	1178
res✂	1179
appl	1180
la	1181
conn	1182
tice✂	1183
integr	1184
inclu	1185
⊗✂	1186
surface✂	1187
To✂	1188
dom	1189
based✂	1190
dynam	1191
pose✂	1192
ings✂	1193
ξ✂	1194
every✂	1195
hom	1196
ght✂	1197
here✂	1198
ice✂	1199
due✂	1200
super	1201
shi	1202
relation✂	1203
ﬁed✂	1204
af	1205
even✂	1206
gori	1207
23✂	1208
algebr	1209
coupl	1210
dimensional✂	1211
gorith	1212
way✂	1213
stud	1214
19✂	1215
known✂	1216
identi	1217
systems✂	1218
ext✂	1219
type✂	1220
arly✂	1221
graph	1222
ew✂	1223
ε✂	1224
ativ	1225
ory✂	1226
ental✂	1227
frequ	1228
cep	1229
port	1230
curr	1231
shows✂	1232
complet	1233
inci	1234
ut	1235
ofthe✂	1236
eﬃci	1237
eV✂	1238
minim	1239
14	1240
ences✂	1241
mom	1242
sch	1243
ures✂	1244
pow	1245
does✂	1246
plac	1247
atter	1248
fact✂	1249
norm	1250
ough✂	1251
dependent✂	1252
star	1253
ements✂	1254
Lett✂	1255
maxim	1256
he	1257
198	1258
ogy✂	1259
re✂	1260
am✂	1261
vector✂	1262
tribu	1263
second✂	1264
TI	1265
positive✂	1266
ur✂	1267
ectively✂	1268
equiv	1269
trac	1270
ous	1271
deg	1272
bit	1273
temperature✂	1274
asi	1275
her	1276
sem	1277
compar	1278
initi	1279
potential✂	1280
istic✂	1281
sequence✂	1282
single✂	1283
do✂	1284
atic✂	1285
mon	1286
like✂	1287
tal✂	1288
models✂	1289
Ap	1290
about✂	1291
new✂	1292
ly	1293
graph✂	1294
size✂	1295
parti	1296
proof✂	1297
ai	1298
while✂	1299
roduc	1300
wr	1301
approxim	1302
utr	1303
equations✂	1304
expres	1305
corresponding✂	1306
tinu	1307
ption✂	1308
formul	1309
verse✂	1310
neg	1311
algorith	1312
under✂	1313
University✂	1314
over	1315
rand	1316
ys✂	1317
ext	1318
because✂	1319
cu	1320
parameters✂	1321
describ	1322
cho	1323
25✂	1324
deriv	1325
particular✂	1326
character	1327
inst	1328
now✂	1329
addi	1330
aus	1331
ﬁg	1332
properties✂	1333
phot	1334
15	1335
fy✂	1336
ne✂	1337
put✂	1338
St	1339
under	1340
∩✂	1341
−2✂	1342
less✂	1343
solution✂	1344
24✂	1345
err	1346
sts✂	1347
olution✂	1348
through✂	1349
equival	1350
uch✂	1351
sour	1352
aver	1353
ans✂	1354
method✂	1355
bit✂	1356
sions✂	1357
ov✂	1358
probability✂	1359
contain	1360
ariz	1361
modul	1362
perform	1363
term✂	1364
II✂	1365
ood✂	1366
proj	1367
found✂	1368
length✂	1369
gi	1370
cr	1371
ke	1372
observed✂	1373
larg	1374
range✂	1375
ﬁnd✂	1376
solu	1377
cop	1378
neutr	1379
Math✂	1380
Thes	1381
stitu	1382
ges✂	1383
respectively✂	1384
indic	1385
side✂	1386
≡✂	1387
16	1388
peri	1389
part✂	1390
duce✂	1391
eig	1392
Ex	1393
continu	1394
±✂	1395
ogical✂	1396
local✂	1397
bil	1398
similar✂	1399
echan	1400
should✂	1401
scale✂	1402
ition✂	1403
predic	1404
theorem✂	1405
by	1406
Therefore✂	1407
IN	1408
operator✂	1409
On✂	1410
os✂	1411
xed✂	1412
particle✂	1413
ples✂	1414
beha	1415
read	1416
ore	1417
must✂	1418
parameter✂	1419
invari	1420
analysis✂	1421
ically✂	1422
centr	1423
free✂	1424
conditions✂	1425
requi	1426
exists✂	1427
map✂	1428
ning✂	1429
sets✂	1430
Sch	1431
ization✂	1432
Note✂	1433
⊂✂	1434
many✂	1435
30✂	1436
cy	1437
main	1438
condition✂	1439
therm	1440
ting	1441
exc	1442
ucle	1443
ordin	1444
Ac	1445
limit✂	1446
ﬁl	1447
obj	1448
study✂	1449
sin✂	1450
import	1451
ground✂	1452
associ	1453
cer	1454
diag	1455
ton	1456
eigen	1457
quanti	1458
simpl	1459
ten✂	1460
ement	1461
ful✂	1462
ities✂	1463
ric	1464
oll	1465
sen	1466
right✂	1467
conv	1468
information✂	1469
ap✂	1470
ner✂	1471
metry✂	1472
cle	1473
simple✂	1474
ak✂	1475
car	1476
rate✂	1477
tices✂	1478
met	1479
prove✂	1480
ame✂	1481
atur	1482
ot✂	1483
combin	1484
◦✂	1485
tern	1486
contribu	1487
assume✂	1488
χ✂	1489
18	1490
clust	1491
mani	1492
power✂	1493
ine✂	1494
divi	1495
stric	1496
32✂	1497
induc	1498
Proposition✂	1499
level✂	1500
bers✂	1501
coll	1502
particles✂	1503
related✂	1504
que✂	1505
behavi	1506
posed✂	1507
ables✂	1508
self✂	1509
process✂	1510
ions✂	1511
could✂	1512
stu	1513
ized✂	1514
ON✂	1515
alized✂	1516
geometr	1517
bound✂	1518
ied✂	1519
conduc	1520
ton✂	1521
Λ✂	1522
FI	1523
prim	1524
ER	1525
tak	1526
cros	1527
orig	1528
speci	1529
ort✂	1530
iel	1531
plit	1532
ﬁelds✂	1533
ug	1534
ﬁcation✂	1535
total✂	1536
These✂	1537
grav	1538
Physi	1539
correc	1540
factor✂	1541
medi	1542
cally✂	1543
atom	1544
expl	1545
ces✂	1546
contr	1547
oper	1548
hyper	1549
wave✂	1550
suppor	1551
amil	1552
lead	1553
approach✂	1554
50✂	1555
studi	1556
ind	1557
implies✂	1558
thus✂	1559
complex✂	1560
ves	1561
main✂	1562
allow	1563
est	1564
called✂	1565
interac	1566
groups✂	1567
lines✂	1568
rem	1569
get✂	1570
Li	1571
mechan	1572
region✂	1573
real✂	1574
previ	1575
ide	1576
ON	1577
thec	1578
change✂	1579
integ	1580
hand✂	1581
set	1582
ist✂	1583
cir	1584
left✂	1585
di✂	1586
ene	1587
ology✂	1588
topol	1589
Σ✂	1590
lay	1591
applic	1592
ator✂	1593
reas	1594
standard✂	1595
lower✂	1596
Here✂	1597
initial✂	1598
01✂	1599
acc	1600
frequency✂	1601
yst	1602
algebra✂	1603
gives✂	1604
rati	1605
nucle	1606
onic✂	1607
hi	1608
ol✂	1609
Section✂	1610
An✂	1611
themati	1612
electron✂	1613
plane✂	1614
separ	1615
ii✂	1616
iter	1617
2n✂	1618
exten	1619
class✂	1620
fur	1621
κ✂	1622
AR	1623
’✂	1624
degree✂	1625
ﬀ✂	1626
light✂	1627
ission✂	1628
how✂	1629
along✂	1630
un✂	1631
ject	1632
asses✂	1633
Co	1634
van	1635
respect✂	1636
lattice✂	1637
ress✂	1638
asym	1639
Qu	1640
ference✂	1641
deﬁne✂	1642
ark	1643
dif	1644
small	1645
ﬁxed✂	1646
vers	1647
mean✂	1648
int✂	1649
higher✂	1650
moment	1651
22	1652
17	1653
Hence✂	1654
elements✂	1655
algorithm✂	1656
independent✂	1657
rom	1658
cases✂	1659
least✂	1660
ate	1661
kin	1662
after✂	1663
ti✂	1664
tics✂	1665
interaction✂	1666
tivity✂	1667
cap	1668
those✂	1669
e−	1670
random✂	1671
har	1672
Bo	1673
tex✂	1674
x2✂	1675
distance✂	1676
times✂	1677
chang	1678
ij✂	1679
Now✂	1680
denote✂	1681
ately✂	1682
within✂	1683
ants✂	1684
yiel	1685
eﬀect✂	1686
important✂	1687
equal✂	1688
ub	1689
26✂	1690
ectors✂	1691
ew	1692
boundary✂	1693
signi	1694
measure✂	1695
31✂	1696
ages✂	1697
log	1698
current✂	1699
mi	1700
equality✂	1701
Φ✂	1702
There✂	1703
27✂	1704
cos✂	1705
x1✂	1706
ac✂	1707
ns✂	1708
manifol	1709
aps✂	1710
dual✂	1711
excit	1712
polariz	1713
Cor	1714
nec	1715
turb	1716
them✂	1717
optim	1718
strain	1719
coordin	1720
contro	1721
symmetry✂	1722
led	1723
dimension✂	1724
”✂	1725
ude✂	1726
product✂	1727
described✂	1728
Sci	1729
solutions✂	1730
below✂	1731
fer✂	1732
loo	1733
classical✂	1734
coupling✂	1735
means✂	1736
tech	1737
Sp	1738
conclu	1739
Sup	1740
ously✂	1741
process	1742
EN	1743
≈✂	1744
though✂	1745
nel✂	1746
ynom	1747
n−1✂	1748
tor	1749
33✂	1750
denot	1751
pri	1752
40✂	1753
pair	1754
transition✂	1755
network✂	1756
being✂	1757
Fin	1758
dy✂	1759
ray✂	1760
test✂	1761
associated✂	1762
conver	1763
bra	1764
∪✂	1765
n−	1766
coeﬃci	1767
olec	1768
cent	1769
ut✂	1770
veloc	1771
four✂	1772
sum✂	1773
component✂	1774
tig	1775
197	1776
As	1777
ectro	1778
ness✂	1779
edge✂	1780
mu	1781
pair✂	1782
uring✂	1783
back	1784
relativ	1785
polynom	1786
give✂	1787
go	1788
Wi	1789
ef	1790
without✂	1791
bran	1792
xi✂	1793
devel	1794
ab✂	1795
therefore✂	1796
gal	1797
trivi	1798
considered✂	1799
basis✂	1800
increas	1801
ili	1802
holds✂	1803
ropy✂	1804
physical✂	1805
ash	1806
squ	1807
ses✂	1808
larger✂	1809
osc	1810
much✂	1811
From✂	1812
bitr	1813
exp✂	1814
RA	1815
equivalent✂	1816
introduc	1817
average✂	1818
ang✂	1819
En	1820
vestig	1821
One✂	1822
jo	1823
long✂	1824
dynamics✂	1825
works✂	1826
wid	1827
gre	1828
wise✂	1829
direction✂	1830
28✂	1831
tically✂	1832
pi	1833
numer	1834
vertices✂	1835
element✂	1836
24	1837
order	1838
sen✂	1839
operators✂	1840
statis	1841
schem	1842
ln✂	1843
hal	1844
bility✂	1845
oreover✂	1846
tures✂	1847
either✂	1848
negative✂	1849
natur	1850
spectrum✂	1851
strong✂	1852
note✂	1853
arbitr	1854
29✂	1855
100✂	1856
ζ✂	1857
dependence✂	1858
becom	1859
moo	1860
symmetric✂	1861
sof✂	1862
sor✂	1863
black✂	1864
esting✂	1865
scatter	1866
inal✂	1867
FIG✂	1868
bits✂	1869
velocity✂	1870
23	1871
energ	1872
view✂	1873
del	1874
pea	1875
need✂	1876
invariant✂	1877
sug	1878
everal✂	1879
Our✂	1880
sian✂	1881
Hamil	1882
end✂	1883
10−	1884
angle✂	1885
atures✂	1886
alization✂	1887
complete✂	1888
expon	1889
hence✂	1890
sted✂	1891
RO	1892
normal✂	1893
part	1894
step✂	1895
volum	1896
cover	1897
charge✂	1898
ques	1899
remain	1900
investig	1901
1−	1902
ances✂	1903
eval	1904
not	1905
ose✂	1906
strong	1907
curve✂	1908
sure✂	1909
components✂	1910
a2✂	1911
relations✂	1912
appear	1913
expected✂	1914
con✂	1915
ﬁgur	1916
inthe✂	1917
ity	1918
gas✂	1919
pe	1920
compact✂	1921
Physics✂	1922
US	1923
ways✂	1924
neigh	1925
noise✂	1926
take✂	1927
RE	1928
Ad	1929
40	1930
ﬁc✂	1931
sign✂	1932
momentum✂	1933
invol	1934
Un	1935
•✂	1936
hel	1937
rang	1938
contains✂	1939
deﬁnition✂	1940
possi	1941
numbers✂	1942
smoo	1943
dr	1944
Mo	1945
reson	1946
then	1947
constrain	1948
open✂	1949
dem	1950
further✂	1951
ological✂	1952
previous✂	1953
abs	1954
ths✂	1955
generated✂	1956
Moreover✂	1957
own✂	1958
ﬁes✂	1959
molec	1960
war	1961
a1✂	1962
Sim	1963
measurements✂	1964
iv✂	1965
eas	1966
tonian✂	1967
property✂	1968
determined✂	1969
ast	1970
30	1971
formula✂	1972
dro	1973
evolution✂	1974
man✂	1975
gen	1976
prec	1977
necess	1978
MA	1979
oto	1980
⊆✂	1981
omorphism✂	1982
34✂	1983
35✂	1984
25	1985
il✂	1986
princi	1987
error✂	1988
knowled	1989
	1990
sl	1991
photon✂	1992
	1993
ES✂	1994
representation✂	1995
bounded✂	1996
ratio✂	1997
max✂	1998
measured✂	1999
eﬀects✂	2000
pto	2001
restric	2002
sin	2003
abl	2004
spaces✂	2005
what✂	2006
deed✂	2007
source✂	2008
conﬁgur	2009
experimental✂	2010
tor✂	2011
arch	2012
ollary✂	2013
connected✂	2014
Fur	2015
usu	2016
occur	2017
matter✂	2018
which	2019
tan	2020
physics✂	2022
TH	2022
graphs✂	2023
vertex✂	2024
consist	2025
ary	2026
Di	2027
tre	2028
mer	2029
ll	2030
Po	2031
ec✂	2032
2k✂	2033
several✂	2034
electro	2035
hold✂	2036
this	2037
mem	2038
emb	2039
galax	2040
behavior✂	2041
ron	2042
n2✂	2043
detail	2044
whose✂	2045
optical✂	2046
los	2047
At✂	2048
develop	2049
ays✂	2050
ﬂow✂	2051
When✂	2052
	2053
gau	2054
ated	2055
AND✂	2056
arity✂	2057
uctu	2058
dri	2059
We	2060
mic	2061
earch✂	2062
cosm	2063
seen✂	2064
trivial✂	2065
omorphic✂	2066
achi	2067
cannot✂	2068
variables✂	2069
so	2070
count✂	2071
cording✂	2072
ai✂	2073
Res	2074
Ab	2075
60✂	2076
closed✂	2077
evalu	2078
L2✂	2079
motion✂	2080
than	2081
anti	2082
tra	2083
vac	2084
mode✂	2085
summ	2086
ead✂	2087
maximum✂	2088
Using✂	2089
cat	2090
auth	2091
around✂	2092
Int	2093
ST	2094
from	2095
emp	2096
quasi	2097
upper✂	2098
via✂	2099
image✂	2100
µν✂	2101
thel	2102
Table✂	2103
LI	2104
band✂	2105
proved✂	2106
abor	2107
ible✂	2108
becomes✂	2109
2000✂	2110
argum	2111
tun	2112
signal✂	2113
measurement✂	2114
ials✂	2115
theore	2116
So✂	2117
oun	2118
ish✂	2119
experiments✂	2120
edges✂	2121
applied✂	2122
Mathemati	2123
Gaus	2124
eﬀective✂	2125
las	2126
series✂	2127
methods✂	2128
volume✂	2129
sw	2130
lob	2131
som	2132
resi	2133
scalar✂	2134
pt✂	2135
AC	2136
sample✂	2137
critical✂	2138
presented✂	2139
suﬃci	2140
cross✂	2141
extensi	2142
writ	2143
still✂	2144
amplit	2145
ned✂	2146
curves✂	2147
unit✂	2148
inger✂	2149
domin	2150
arbitrary✂	2151
scattering✂	2152
easi	2153
11	2154
Suppose✂	2155
ki✂	2156
pur	2157
ver✂	2158
perturb	2159
spati	2160
ﬂuctu	2161
rul	2162
forms✂	2163
however✂	2164
emission✂	2165
Par	2166
entang	2167
2004✂	2168
weak✂	2169
val✂	2170
cle✂	2171
features✂	2172
matric	2173
discre	2174
Car	2175
q2✂	2176
50	2177
words✂	2178
full✂	2179
Sh	2180
bol	2181
Finally✂	2182
spher	2183
2003✂	2184
dt✂	2185
asympto	2186
Institu	2187
SI	2188
need	2189
Deﬁn	2190
equili	2191
fying✂	2192
inequality✂	2193
prop	2194
just✂	2195
unit	2196
orth	2197
electric✂	2198
relative✂	2199
differ	2200
accur	2201
2005✂	2202
ond	2203
end	2204
ater✂	2205
m2✂	2206
write✂	2207
2002✂	2208
OF✂	2209
vis	2210
bre	2211
stat	2212
smaller✂	2213
local	2214
c2✂	2215
row	2216
ams✂	2217
last✂	2218
integer✂	2219
grow	2220
there	2221
where	2222
ﬁnit	2223
mod✂	2224
Gr	2225
expression✂	2226
quad	2227
use	2228
45✂	2229
ami	2230
Se	2231
Ber	2232
ime✂	2233
2006✂	2234
ci✂	2235
diﬀerence✂	2236
gauge✂	2237
gu	2238
tinc	2239
Depart	2240
exist✂	2241
pan	2242
ring✂	2243
tes✂	2244
fect✂	2245
36✂	2246
ogene	2247
28	2248
∧✂	2249
isot	2250
dou	2251
Corollary✂	2252
table✂	2253
ﬂux✂	2254
ward✂	2255
